[
    {
        "inputs": [],
        "stateMutability": "nonpayable",
        "type": "constructor"
    },
    {
        "anonymous": false,
        "inputs": [
            {
                "indexed": false,
                "internalType": "address",
                "name": "collection_address",
                "type": "address"
            },
            {
                "indexed": false,
                "internalType": "address",
                "name": "owner",
                "type": "address"
            }
        ],
        "name": "CollectionCreated",
        "type": "event"
    },
    {
        "inputs": [
            {
                "internalType": "uint256",
                "name": "",
                "type": "uint256"
            }
        ],
        "name": "collections",
        "outputs": [
            {
                "internalType": "address",
                "name": "",
                "type": "address"
            }
        ],
        "stateMutability": "view",
        "type": "function"
    },
    {
        "inputs": [
            {
                "internalType": "uint16",
                "name": "_royaltyBasisPoints",
                "type": "uint16"
            }
        ],
        "name": "createCollection",
        "outputs": [
            {
                "internalType": "address",
                "name": "collection",
                "type": "address"
            }
        ],
        "stateMutability": "payable",
        "type": "function"
    },
    {
        "inputs": [
            {
                "internalType": "uint256",
                "name": "_price",
                "type": "uint256"
            }
        ],
        "name": "setPrice",
        "outputs": [],
        "stateMutability": "nonpayable",
        "type": "function"
    }
]